{
	"variables": [],
	"info": {
		"name": "assignment_1",
		"_postman_id": "2157822c-f14e-0810-78d8-d4209d3f4728",
		"description": "",
		"schema": "https://schema.getpostman.com/json/collection/v2.0.0/collection.json"
	},
	"item": [
		{
			"name": "http://localhost:9043/register",
			"request": {
				"url": "http://localhost:9043/register",
				"method": "POST",
				"header": [
					{
						"key": "Content-Type",
						"value": "application/json",
						"description": ""
					}
				],
				"body": {
					"mode": "raw",
					"raw": "{\"name\":\"name1\",\"password\":\"myname\"}"
				},
				"description": "register a new user"
			},
			"response": []
		},
		{
			"name": "http://localhost:9043/login",
			"request": {
				"url": "http://localhost:9043/login",
				"method": "GET",
				"header": [
					{
						"key": "Content-Type",
						"value": "application/json",
						"description": ""
					},
					{
						"key": "Authorization",
						"value": "Basic YWRtaW46Y2FsbG15bmFtZQ==",
						"description": ""
					}
				],
				"body": {},
				"description": "get token"
			},
			"response": []
		},
		{
			"name": "http://localhost:9043/user",
			"request": {
				"url": "http://localhost:9043/user",
				"method": "GET",
				"header": [
					{
						"key": "x-access-token",
						"value": "eyJ0eXAiOiJKV1QiLCJhbGciOiJIUzI1NiJ9.eyJpZCI6MSwiZXhwIjoxNjQyOTk2NjY0fQ.CJ4HZwqWAN94OrAgdYGCH0_AvsETr8jd2esFiiYIqEU",
						"description": ""
					},
					{
						"key": "Content-Type",
						"value": "application/json",
						"description": ""
					},
					{
						"key": "Accept",
						"value": "application/json",
						"description": ""
					},
					{
						"key": "Authorization",
						"value": "Basic bXluYW1lOmNhbGxteW5hbWU=",
						"description": ""
					}
				],
				"body": {},
				"description": "get all users"
			},
			"response": []
		},
		{
			"name": "http://localhost:9043/user/4",
			"request": {
				"url": "http://localhost:9043/user/4",
				"method": "PUT",
				"header": [
					{
						"key": "Content-Type",
						"value": "application/json",
						"description": ""
					},
					{
						"key": "x-access-token",
						"value": "eyJ0eXAiOiJKV1QiLCJhbGciOiJIUzI1NiJ9.eyJpZCI6MSwiZXhwIjoxNjQyOTk2NjY0fQ.CJ4HZwqWAN94OrAgdYGCH0_AvsETr8jd2esFiiYIqEU",
						"description": ""
					},
					{
						"key": "Accept",
						"value": "application/json",
						"description": ""
					}
				],
				"body": {
					"mode": "raw",
					"raw": "{\"admin\":True,\n\t\n}"
				},
				"description": "to promote a user"
			},
			"response": []
		},
		{
			"name": "http://localhost:9043/user/5",
			"request": {
				"url": "http://localhost:9043/user/5",
				"method": "DELETE",
				"header": [
					{
						"key": "x-access-token",
						"value": "eyJ0eXAiOiJKV1QiLCJhbGciOiJIUzI1NiJ9.eyJpZCI6MSwiZXhwIjoxNjQyOTk2NjY0fQ.CJ4HZwqWAN94OrAgdYGCH0_AvsETr8jd2esFiiYIqEU",
						"description": ""
					},
					{
						"key": "Content-Type",
						"value": "application/json",
						"description": ""
					},
					{
						"key": "Accept",
						"value": "application/json",
						"description": "",
						"disabled": true
					}
				],
				"body": {},
				"description": "delete a user"
			},
			"response": []
		}
	]
}